"","lake","pop","se","var","norm_95_low","norm_95_high"
"1","Shallow",NA,NA,NA,NA,NA
"2","Round",NA,NA,NA,NA,NA
"3","Lower",836.25,94.8526384784092,8997.02302631579,650.338828582318,1022.16117141768
"4","Upper",110,28.4018778721877,806.666666666667,54.3323193705121,165.667680629488
