"","lake","pop","se","var","norm_95_low","norm_95_high"
"1","Shallow_Round",3160.75,679.983981888544,462378.215625,1827.98139549845,4493.51860450155
"2","Lower",847.4,98.083133569993,9620.30109090909,655.157058202814,1039.64294179719
"3","Upper",119.428571428571,35.8734412913992,1286.90379008746,49.1166264974291,189.740516359714
