"","lake","pop","se","var","norm_95_low","norm_95_high"
"1","Shallow",NA,NA,NA,NA,NA
"2","Round",NA,NA,NA,NA,NA
"3","Lower",847.4,98.083133569993,9620.30109090909,655.157058202814,1039.64294179719
"4","Upper",119.428571428571,35.8734412913992,1286.90379008746,49.1166264974291,189.740516359714
